amino_acid,codon,observed_count
*,TAA,3916
*,TAG,4444
*,TGA,5689
A,GCA,106738
A,GCC,166685
A,GCG,105173
A,GCT,132918
C,TGC,50889
C,TGT,35261
D,GAC,166885
D,GAT,170550
E,GAA,151769
E,GAG,212844
F,TTC,145663
F,TTT,78285
G,GGA,98975
G,GGC,137915
G,GGG,77463
G,GGT,107274
H,CAC,78227
H,CAT,75191
I,ATA,42354
I,ATC,160337
I,ATT,102080
K,AAA,86447
K,AAG,181722
L,CTA,54445
L,CTC,137051
L,CTG,141009
L,CTT,94490
L,TTA,31278
L,TTG,100325
M,ATG,134646
N,AAC,129023
N,AAT,91080
P,CCA,80260
P,CCC,109010
P,CCG,87312
P,CCT,93422
Q,CAA,96611
Q,CAG,148296
R,AGA,48671
R,AGG,46656
R,CGA,57162
R,CGC,97559
R,CGG,68379
R,CGT,61861
S,AGC,94652
S,AGT,64937
S,TCA,65095
S,TCC,116511
S,TCG,85723
S,TCT,86042
T,ACA,76029
T,ACC,130788
T,ACG,79289
T,ACT,83396
V,GTA,42490
V,GTC,133437
V,GTG,114235
V,GTT,89946
W,TGG,93788
Y,TAC,104725
Y,TAT,75100
